Sample,Coral.ID,History,Timepoint,LifeStage,Group,File_Name
18-118,P-6-A,Patch-Ambient-Patch,2018,Adult,A-PAP,18-118_S162_L004_R1_001_val_1
18-202,P-4-A,Patch-Ambient-Patch,2018,Adult,A-PAP,18-202_S188_L004_R1_001_val_1
18-322,P-9-A,Patch-Ambient-Patch,2018,Adult,A-PAP,18-322_S180_L004_R1_001_val_1
18-358,P-10-A,Patch-Ambient-Patch,2018,Adult,A-PAP,18-358_S201_L004_R1_001_val_1
18-311,P-10-B,Patch-Ambient-Rim,2018,Adult,A-PAR,18-311_S187_L004_R1_001_val_1
18-346,P-6-B,Patch-Ambient-Rim,2018,Adult,A-PAR,18-346_S193_L004_R1_001_val_1
18-394,P-9-B,Patch-Ambient-Rim,2018,Adult,A-PAR,18-394_S192_L004_R1_001_val_1
18-9,P-4-B,Patch-Ambient-Rim,2018,Adult,A-PAR,18-9_S159_L004_R1_001_val_1
18-106,P-19-A,Patch-Heated-Patch,2018,Adult,A-PHP,18-106_S163_L004_R1_001_val_1
18-190,P-14-A,Patch-Heated-Patch,2018,Adult,A-PHP,18-190_S186_L004_R1_001_val_1
18-370,P-15-A,Patch-Heated-Patch,2018,Adult,A-PHP,18-370_S171_L004_R1_001_val_1
18-454,P-12-A,Patch-Heated-Patch,2018,Adult,A-PHP,18-454_S197_L004_R1_001_val_1
18-262,P-15-B,Patch-Heated-Rim,2018,Adult,A-PHR,18-262_S179_L004_R1_001_val_1
18-32,P-12-B,Patch-Heated-Rim,2018,Adult,A-PHR,18-32_S178_L004_R1_001_val_1
18-334,P-19-B,Patch-Heated-Rim,2018,Adult,A-PHR,18-334_S164_L004_R1_001_val_1
18-67,P-14-B,Patch-Heated-Rim,2018,Adult,A-PHR,18-67_S176_L004_R1_001_val_1
18-130,R-5-A,Rim-Ambient-Patch,2018,Adult,A-RAP,18-130_S172_L004_R1_001_val_1
18-142,R-8-A,Rim-Ambient-Patch,2018,Adult,A-RAP,18-142_S189_L004_R1_001_val_1
18-418,R-9-A,Rim-Ambient-Patch,2018,Adult,A-RAP,18-418_S196_L004_R1_001_val_1
18-55,R-7-A,Rim-Ambient-Patch,2018,Adult,A-RAP,18-55_S190_L004_R1_001_val_1
18-178,R-5-B,Rim-Ambient-Rim,2018,Adult,A-RAM,18-178_S191_L004_R1_001_val_1
18-20,R-7-B,RIm-Ambient-Rim,2018,Adult,A-RAM,18-20_S202_L004_R1_001_val_1
18-239,R-8-B,Rim-Ambient-Rim,2018,Adult,A-RAM,18-239_S185_L004_R1_001_val_1
18-442,R-9-B,Rim-Ambient-Rim,2018,Adult,A-RAM,18-442_S165_L004_R1_001_val_1
18-167,R-19-A,Rim-Heated-Patch,2018,Adult,A-RHP,18-167_S166_L004_R1_001_val_1
18-227,R-11-A,Rim-Heated-Patch,2018,Adult,A-RHP,18-227_S170_L004_R1_001_val_1
18-406,R-15-A,Rim-Heated-Patch,2018,Adult,A-RHP,18-406_S177_L004_R1_001_val_1
18-79,R-14-A,Rim-Heated-Patch,2018,Adult,A-RHP,18-79_S181_L004_R1_001_val_1
18-250,R-11-B,Rim-Heated-Rim,2018,Adult,A-RHR,18-250_S195_L004_R1_001_val_1
18-44,R-19-B,Rim-Heated-Rim,2018,Adult,A-RHR,18-44_S198_L004_R1_001_val_1
18-466,R-15-B,Rim-Heated-Rim,2018,Adult,A-RHR,18-466_S199_L004_R1_001_val_1
18-91,R-14-B,Rim-Heated-Rim,2018,Adult,A-RHR,18-91_S160_L004_R1_001_val_1
L-1029,P-4-A,Patch-Ambient-Patch,2018,Larvae,L-PAP,L-1029_S183_L004_R1_001_val_1
L-728,P-6-A,Patch-Ambient-Patch,2018,Larvae,L-PAP,L-728_S161_L004_R1_001_val_1
L-924,P-9-A,Patch-Ambient-Patch,2018,Larvae,L-PAP,L-924_S204_L004_R1_001_val_1
L-933,P-10-A,Patch-Ambient-Patch,2018,Larvae,L-PAP,L-933_S203_L004_R1_001_val_1
L-1053,P-12-A,Patch-Heated-Patch,2018,Larvae,L-PHP,L-1053_S167_L004_R1_001_val_1
L-1257,P-19-A,Patch-Heated-Patch,2018,Larvae,L-PHP,L-1257_S205_L004_R1_001_val_1
L-704,P-15-A,Patch-Heated-Patch,2018,Larvae,L-PHP,L-704_S169_L004_R1_001_val_1
L-862,P-14-A,Patch-Heated-Patch,2018,Larvae,L-PHP,L-862_S200_L004_R1_001_val_1
L-1038,R-8-A,Rim-Ambient-Patch,2018,Larvae,L-RAP,L-1038_S184_L004_R1_001_val_1
L-1263,R-7-A,Rim-Ambient-Patch,2018,Larvae,L-RAP,L-1263_S173_L004_R1_001_val_1
L-562,R-5-A,Rim-Ambient-Patch,2018,Larvae,L-RAP,L-562_S174_L004_R1_001_val_1
L-661,R-9-A,Rim-Ambient-Patch,2018,Larvae,L-RAP,L-661_S182_L004_R1_001_val_1
L-1059,R-15-A,Rim-Heated-Patch,2018,Larvae,L-RHP,L-1059_S175_L004_R1_001_val_1
L-1093,R-19-A,Rim-Heated-Patch,2018,Larvae,L-RHP,L-1093_S168_L004_R1_001_val_1
L-571,R-11-A,Rim-Heated-Patch,2018,Larvae,L-RHP,L-571_S194_L004_R1_001_val_1